{"naive":{"Winter":{"mape":1.68812582128777,"pct_bias":0.0125647157869852},"Spring":{"mape":1.5454191152182,"pct_bias":0.24401343485806},"Summer":{"mape":1.90362277850401,"pct_bias":-0.0592945233651664},"Autumn":{"mape":1.86316471821991,"pct_bias":-0.0888347262277593},"year":{"mape":1.75002799016963,"pct_bias":0.0274891560857517}},"7d naive":{"Winter":{"mape":2.60986850849955,"pct_bias":0.119301216398655},"Spring":{"mape":2.65830300752121,"pct_bias":1.09091870030191},"Summer":{"mape":2.27943147165294,"pct_bias":-0.18292015852187},"Autumn":{"mape":2.38277841681249,"pct_bias":-0.815881595142061},"year":{"mape":2.48234612320976,"pct_bias":0.054958688836974}},"30d naive":{"Winter":{"mape":3.021852966882,"pct_bias":-0.520020543637096},"Spring":{"mape":5.02894907406369,"pct_bias":4.54730092679259},"Summer":{"mape":3.72308847500766,"pct_bias":-0.921670690352811},"Autumn":{"mape":4.54907834751226,"pct_bias":-2.29731569051892},"year":{"mape":4.08380650517374,"pct_bias":0.211875224941396}},"rollmean":{"Winter":{"mape":1.90007191817192,"pct_bias":0.0580997195881044},"Spring":{"mape":1.85653146986307,"pct_bias":0.421422962693021},"Summer":{"mape":1.93831198986972,"pct_bias":-0.119117107958588},"Autumn":{"mape":1.89248542042924,"pct_bias":-0.197471584550116},"year":{"mape":1.89684891969641,"pct_bias":0.041313950928128}},"simple exponential smoothing":{"Winter":{"mape":1.68583697169122,"pct_bias":0.0385234845287552},"Spring":{"mape":1.63003563498664,"pct_bias":0.35761340334831},"Summer":{"mape":1.83211784770186,"pct_bias":-0.0931916499495712},"Autumn":{"mape":1.77835072547725,"pct_bias":-0.161883510159085},"year":{"mape":1.73164509538667,"pct_bias":0.0357914561916813}},"holt":{"Winter":{"mape":1.68659209485817,"pct_bias":0.0472894634045611,"coverage_80":0.812154696132597,"coverage_95":0.972375690607735},"Spring":{"mape":1.63074154389817,"pct_bias":0.359367288783417,"coverage_80":0.864130434782609,"coverage_95":0.978260869565217},"Summer":{"mape":1.83247531511126,"pct_bias":-0.09398158286654,"coverage_80":0.853260869565217,"coverage_95":0.967391304347826},"Autumn":{"mape":1.77817542928494,"pct_bias":-0.160260990063469,"coverage_80":0.857142857142857,"coverage_95":0.972527472527473},"year":{"mape":1.73205608667158,"pct_bias":0.0386085671318462,"coverage_80":0.846785225718194,"coverage_95":0.972640218878249}},"holt-winters":{"Winter":{"mape":1.60037788786339,"pct_bias":0.0325735002365087,"coverage_80":0.801104972375691,"coverage_95":0.972375690607735},"Spring":{"mape":1.50908721558408,"pct_bias":0.377692285484843,"coverage_80":0.880434782608696,"coverage_95":0.951086956521739},"Summer":{"mape":1.53544442950787,"pct_bias":-0.0825128712212204,"coverage_80":0.885869565217391,"coverage_95":0.96195652173913},"Autumn":{"mape":1.54401427815876,"pct_bias":-0.148379674097089,"coverage_80":0.879120879120879,"coverage_95":0.934065934065934},"year":{"mape":1.5470216402532,"pct_bias":0.0454223188531388,"coverage_80":0.861833105335157,"coverage_95":0.954856361149111}},"TBATS":{"Winter":{"mape":2.9641727849579,"pct_bias":0.165203584871899,"coverage_80":0.674033149171271,"coverage_95":0.917127071823204},"Spring":{"mape":2.91160280305163,"pct_bias":0.451641477581985,"coverage_80":0.739130434782609,"coverage_95":0.885869565217391},"Summer":{"mape":3.56392728246669,"pct_bias":-0.0799236835320717,"coverage_80":0.641304347826087,"coverage_95":0.875},"Autumn":{"mape":3.39870215716373,"pct_bias":-0.28401170258503,"coverage_80":0.653846153846154,"coverage_95":0.89010989010989},"year":{"mape":3.21009111137695,"pct_bias":0.0637589508844355,"coverage_80":0.677154582763338,"coverage_95":0.891928864569084}},"TBATS_rf":{"Winter":{"mape":2.9641727849579,"pct_bias":0.165203584871899,"coverage_80":0.629834254143646,"coverage_95":0.834254143646409},"Spring":{"mape":2.91160280305163,"pct_bias":0.451641477581985,"coverage_80":0.815217391304348,"coverage_95":0.923913043478261},"Summer":{"mape":3.56392728246669,"pct_bias":-0.0799236835320717,"coverage_80":0.630434782608696,"coverage_95":0.858695652173913},"Autumn":{"mape":3.39870215716373,"pct_bias":-0.28401170258503,"coverage_80":0.472527472527472,"coverage_95":0.642857142857143},"year":{"mape":"NaN","pct_bias":"NaN","coverage_80":0.637482900136799,"coverage_95":0.81532147742818}},"ETS":{"Winter":{"mape":1.58682330677456,"pct_bias":0.0106155549468159,"coverage_80":0.81767955801105,"coverage_95":0.966850828729282},"Spring":{"mape":1.51644749546971,"pct_bias":0.368357206529457,"coverage_80":0.885869565217391,"coverage_95":0.951086956521739},"Summer":{"mape":1.53105280382889,"pct_bias":-0.0982619674676448,"coverage_80":0.896739130434783,"coverage_95":0.96195652173913},"Autumn":{"mape":1.56600924919838,"pct_bias":-0.174548875700433,"coverage_80":0.868131868131868,"coverage_95":0.939560439560439},"year":{"mape":1.54988886039842,"pct_bias":0.0271560110195188,"coverage_80":0.867305061559507,"coverage_95":0.954856361149111}},"ar":{"Winter":{"mape":4.92417787800037,"pct_bias":-4.88625842284954,"coverage_80":0.906077348066298,"coverage_95":1},"Spring":{"mape":5.45707803495353,"pct_bias":4.34851015618375,"coverage_80":0.777173913043478,"coverage_95":0.96195652173913},"Summer":{"mape":7.19205840154032,"pct_bias":7.19205840154032,"coverage_80":0.755434782608696,"coverage_95":0.956521739130435},"Autumn":{"mape":5.29875511305917,"pct_bias":3.83777003140382,"coverage_80":0.868131868131868,"coverage_95":0.983516483516483},"year":{"mape":5.72242234036895,"pct_bias":2.65051434446095,"coverage_80":0.826265389876881,"coverage_95":0.975376196990424}},"lm":{"Winter":{"mape":5.37648976328945,"pct_bias":-5.12940141887619,"coverage_80":0.751381215469613,"coverage_95":0.966850828729282},"Spring":{"mape":5.52113108414505,"pct_bias":4.21901419075841,"coverage_80":0.75,"coverage_95":0.940217391304348},"Summer":{"mape":8.87974220640168,"pct_bias":8.87974220640168,"coverage_80":0.478260869565217,"coverage_95":0.847826086956522},"Autumn":{"mape":7.08851758051864,"pct_bias":6.19657528429093,"coverage_80":0.593406593406594,"coverage_95":0.901098901098901},"year":{"mape":6.72095148053404,"pct_bias":3.56980331327197,"coverage_80":0.642954856361149,"coverage_95":0.913816689466484}},"arx":{"Winter":{"mape":1.53545441453833,"pct_bias":0.518329924020808,"coverage_80":0.867403314917127,"coverage_95":0.977900552486188},"Spring":{"mape":1.67417829942883,"pct_bias":1.06888955872832,"coverage_80":0.875,"coverage_95":0.972826086956522},"Summer":{"mape":1.81883647665146,"pct_bias":0.425351537721022,"coverage_80":0.847826086956522,"coverage_95":0.96195652173913},"Autumn":{"mape":1.89296311410148,"pct_bias":0.895464331745399,"coverage_80":0.818681318681319,"coverage_95":0.956043956043956},"year":{"mape":1.73071307058369,"pct_bias":0.727404358922172,"coverage_80":0.852257181942544,"coverage_95":0.967168262653899}},"arima1_1_2":{"Winter":{"mape":1.3904171092013,"pct_bias":0.06294001163187,"coverage_80":0.839779005524862,"coverage_95":0.961325966850829},"Spring":{"mape":1.47777523701746,"pct_bias":0.529532938674843,"coverage_80":0.842391304347826,"coverage_95":0.96195652173913},"Summer":{"mape":1.56734222070151,"pct_bias":-0.112946262041283,"coverage_80":0.880434782608696,"coverage_95":0.956521739130435},"Autumn":{"mape":1.51882112882175,"pct_bias":-0.300465802198912,"coverage_80":0.857142857142857,"coverage_95":0.934065934065934},"year":{"mape":1.48890910318917,"pct_bias":0.0456351772992356,"coverage_80":0.854993160054719,"coverage_95":0.953488372093023}},"arima2_0_2":{"Winter":{"mape":1.39336301206938,"pct_bias":-0.0547952814057364,"coverage_80":0.839779005524862,"coverage_95":0.966850828729282},"Spring":{"mape":1.4854102504412,"pct_bias":0.583501190430373,"coverage_80":0.864130434782609,"coverage_95":0.96195652173913},"Summer":{"mape":1.54860620494541,"pct_bias":0.041003940196902,"coverage_80":0.875,"coverage_95":0.956521739130435},"Autumn":{"mape":1.51628653708042,"pct_bias":-0.201571913031992,"coverage_80":0.857142857142857,"coverage_95":0.928571428571428},"year":{"mape":1.48621324586092,