{"naive":{"Winter":{"mape":1.68812582128777,"pct_bias":0.0125647157869852},"Spring":{"mape":1.5454191152182,"pct_bias":0.24401343485806},"Summer":{"mape":2.00354252791973,"pct_bias":-0.0562759133548366},"Autumn":{"mape":1.9472681169111,"pct_bias":-0.0855344084439791},"year":{"mape":1.79611834920422,"pct_bias":0.0290706637171453}},"7d naive":{"Winter":{"mape":2.60986850849955,"pct_bias":0.119301216398655},"Spring":{"mape":2.65830300752121,"pct_bias":1.09091870030191},"Summer":{"mape":2.87802926628543,"pct_bias":-0.154346451241698},"Autumn":{"mape":2.73610584227714,"pct_bias":-0.792411597056969},"year":{"mape":2.72098851123568,"pct_bias":0.0679943958014591}},"30d naive":{"Winter":{"mape":3.021852966882,"pct_bias":-0.520020543637096},"Spring":{"mape":5.02894907406369,"pct_bias":4.54730092679259},"Summer":{"mape":4.17794121748451,"pct_bias":-0.773499680050674},"Autumn":{"mape":4.93863273174904,"pct_bias":-2.38019586330444},"year":{"mape":4.29528639921865,"pct_bias":0.228536339098208}},"rollmean":{"Winter":{"mape":1.90007191817192,"pct_bias":0.0580997195881044},"Spring":{"mape":1.85653146986307,"pct_bias":0.421422962693021},"Summer":{"mape":2.00780148460234,"pct_bias":-0.115716752468119},"Autumn":{"mape":2.00005052051147,"pct_bias":-0.191713325699514},"year":{"mape":1.94112103357571,"pct_bias":0.0436035111484507}},"simple exponential smoothing":{"Winter":{"mape":1.69188060102016,"pct_bias":0.0417334629188627},"Spring":{"mape":1.64716288181474,"pct_bias":0.373726170062651},"Summer":{"mape":1.87984108076419,"pct_bias":-0.0931244507600628},"Autumn":{"mape":1.87668894097026,"pct_bias":-0.168348438968829},"year":{"mape":1.77394870746342,"pct_bias":0.0390493259201963}},"holt":{"Winter":{"mape":1.6926605142661,"pct_bias":0.0515989961956496,"coverage_80":0.806629834254144,"coverage_95":0.972375690607735},"Spring":{"mape":1.64818480014226,"pct_bias":0.376449339723807,"coverage_80":0.869565217391304,"coverage_95":0.978260869565217},"Summer":{"mape":1.8801783758288,"pct_bias":-0.0937115188708559,"coverage_80":0.853260869565218,"coverage_95":0.940217391304348},"Autumn":{"mape":1.87658566502757,"pct_bias":-0.166499842273011,"coverage_80":0.851648351648352,"coverage_95":0.961538461538462},"year":{"mape":1.77445823323646,"pct_bias":0.0424900219626095,"coverage_80":0.845417236662107,"coverage_95":0.963064295485636}},"holt-winters":{"Winter":{"mape":1.59967187258398,"pct_bias":0.0363569802411779,"coverage_80":0.812154696132597,"coverage_95":0.977900552486188},"Spring":{"mape":1.50723774195824,"pct_bias":0.381650018712132,"coverage_80":0.891304347826087,"coverage_95":0.951086956521739},"Summer":{"mape":1.6313998748999,"pct_bias":-0.077730533350757,"coverage_80":0.875,"coverage_95":0.96195652173913},"Autumn":{"mape":1.66002271509027,"pct_bias":-0.151160181443844,"coverage_80":0.857142857142857,"coverage_95":0.934065934065934},"year":{"mape":1.59941732501509,"pct_bias":0.0478668203931143,"coverage_80":0.859097127222982,"coverage_95":0.956224350205198}},"TBATS":{"Winter":{"mape":1.5398383051808,"pct_bias":0.0267515663951634,"coverage_80":0.812154696132597,"coverage_95":0.966850828729282},"Spring":{"mape":1.51120976357532,"pct_bias":0.566526387657686,"coverage_80":0.902173913043478,"coverage_95":0.96195652173913},"Summer":{"mape":1.60888495307019,"pct_bias":-0.109262234446718,"coverage_80":0.885869565217391,"coverage_95":0.96195652173913},"Autumn":{"mape":1.68692423905054,"pct_bias":-0.33018404780642,"coverage_80":0.846153846153846,"coverage_95":0.93956043956044},"year":{"mape":1.58663252066716,"pct_bias":0.0395145567819072,"coverage_80":0.861833105335157,"coverage_95":0.957592339261286}},"TBATS_rf":{"Winter":{"mape":1.5398383051808,"pct_bias":0.0267515663951634,"coverage_80":0.668508287292818,"coverage_95":0.845303867403315},"Spring":{"mape":1.51120976357532,"pct_bias":0.566526387657686,"coverage_80":0.717391304347826,"coverage_95":0.858695652173913},"Summer":{"mape":1.60888495307019,"pct_bias":-0.109262234446718,"coverage_80":0.679347826086956,"coverage_95":0.820652173913044},"Autumn":{"mape":1.68692423905054,"pct_bias":-0.33018404780642,"coverage_80":0.620879120879121,"coverage_95":0.774725274725275},"year":{"mape":"NaN","pct_bias":"NaN","coverage_80":0.671682626538988,"coverage_95":0.824897400820793}},"ETS":{"Winter":{"mape":1.59361456800545,"pct_bias":0.0133623595827996,"coverage_80":0.812154696132597,"coverage_95":0.977900552486188},"Spring":{"mape":1.51155830024569,"pct_bias":0.369622576869604,"coverage_80":0.885869565217391,"coverage_95":0.951086956521739},"Summer":{"mape":1.61715517202969,"pct_bias":-0.0976240986182991,"coverage_80":0.869565217391304,"coverage_95":0.956521739130435},"Autumn":{"mape":1.65054357122352,"pct_bias":-0.170248900686489,"coverage_80":0.862637362637363,"coverage_95":0.928571428571428},"year":{"mape":1.59305943320156,"pct_bias":0.0293857827055892,"coverage_80":0.857729138166895,"coverage_95":0.953488372093023}},"ar":{"Winter":{"mape":2.57270633299243,"pct_bias":2.42813467973513,"coverage_80":0.574585635359116,"coverage_95":0.812154696132597},"Spring":{"mape":4.9002159473996,"pct_bias":4.88682379819662,"coverage_80":0.304347826086956,"coverage_95":0.516304347826087},"Summer":{"mape":4.11003712559324,"pct_bias":3.99833784679558,"coverage_80":0.467391304347826,"coverage_95":0.668478260869565},"Autumn":{"mape":5.34848053167299,"pct_bias":5.22861105295254,"coverage_80":0.214285714285714,"coverage_95":0.412087912087912},"year":{"mape":4.23662088709548,"pct_bias":4.13949292934061,"coverage_80":0.389876880984952,"coverage_95":0.601915184678523}},"lm":{"Winter":{"mape":2.16717940481534,"pct_bias":1.85472992979015,"coverage_80":0.850828729281768,"coverage_95":0.977900552486188},"Spring":{"mape":3.95443601551772,"pct_bias":3.83947347937498,"coverage_80":0.673913043478261,"coverage_95":0.885869565217391},"Summer":{"mape":2.73891431794892,"pct_bias":2.00690482927268,"coverage_80":0.847826086956522,"coverage_95":0.951086956521739},"Autumn":{"mape":3.83514066399929,"pct_bias":3.49788785315228,"coverage_80":0.692307692307692,"coverage_95":0.89010989010989},"year":{"mape":3.17624012924393,"pct_bias":2.80171725767018,"coverage_80":0.766073871409029,"coverage_95":0.926128590971272}},"arima1_1_2":{"Winter":{"mape":2.55038682456026,"pct_bias":2.39513626038851,"coverage_80":0.56353591160221,"coverage_95":0.795580110497238},"Spring":{"mape":5.14656000909854,"pct_bias":5.14086094404914,"coverage_80":0.271739130434783,"coverage_95":0.467391304347826},"Summer":{"mape":4.27194598755188,"pct_bias":4.15774900615854,"coverage_80":0.385869565217391,"coverage_95":0.614130434782609},"Autumn":{"mape":5.0355949040435,"pct_bias":4.89275230269969,"coverage_80":0.252747252747253,"coverage_95":0.434065934065934},"year":{"mape":4.25595539147059,"pct_bias":4.15177129009559,"coverage_80":0.367989056087551,"coverage_95":0.577291381668947}},"arima2_0_2":{"Winter":{"mape":2.35187402643217,"pct_bias":2.12791561542542,"coverage_80":0.613259668508287,"coverage_95":0.856353591160221},"Spring":{"mape":6.01227541885985,"pct_bias":6.01227541885985,"coverage_80":0.190217391304348,"coverage_95":0.402173913043478},"Summer":{"mape":6.0504483536248,"pct_bias":6.0504483536248,"coverage_80":0.125,"coverage_95":0.33695652173913},"Autumn":{"mape":6.15198563734987,"pct_bias":6.07282356474472,"coverage_80":0.137362637362637,"coverage_95":0.274725274725275},"year":{"mape":5.15033072355551,"pct_bias":5.075167974436,"coverage_80":0.265389876880985,"coverage_95":0.466484268125855}},"arima2_1_1":{"Winter":{"mape":2.52937738203163,"pct_bias":2.36774627544486,"coverage_80":0.56353591160221,"coverage_95":0.801104972375691},"Spring":{"mape":5.19851459878404,"pct_bias":5.19322581775597,"coverage_80":0.244565217391304,"coverage_95":0.467391304347826},"Summer":{"mape":4.3648655927331,"pct_bias":4.26438537945543,"coverage_80":0.380434782608696,"coverage_95":0.603260869565217},"Autumn":{"mape":5.07846625615793,"pct_bias":4.93844864527115,"coverage_80":0.247252747252747,"coverage_95":0.428571428571428},