{"naive":{"Winter":{"mape":1.68812582128777,"pct_bias":0.0125647157869852},"Spring":{"mape":1.5454191152182,"pct_bias":0.24401343485806},"Summer":{"mape":2.00354252791973,"pct_bias":-0.0562759133548366},"Autumn":{"mape":1.9472681169111,"pct_bias":-0.0855344084439791},"year":{"mape":1.79611834920422,"pct_bias":0.0290706637171453}},"7d naive":{"Winter":{"mape":2.60986850849955,"pct_bias":0.119301216398655},"Spring":{"mape":2.65830300752121,"pct_bias":1.09091870030191},"Summer":{"mape":2.87802926628543,"pct_bias":-0.154346451241698},"Autumn":{"mape":2.73610584227714,"pct_bias":-0.792411597056969},"year":{"mape":2.72098851123568,"pct_bias":0.0679943958014591}},"30d naive":{"Winter":{"mape":3.021852966882,"pct_bias":-0.520020543637096},"Spring":{"mape":5.02894907406369,"pct_bias":4.54730092679259},"Summer":{"mape":4.17794121748451,"pct_bias":-0.773499680050674},"Autumn":{"mape":4.93863273174904,"pct_bias":-2.38019586330444},"year":{"mape":4.29528639921865,"pct_bias":0.228536339098208}},"rollmean":{"Winter":{"mape":1.90007191817192,"pct_bias":0.0580997195881044},"Spring":{"mape":1.85653146986307,"pct_bias":0.421422962693021},"Summer":{"mape":2.00780148460234,"pct_bias":-0.115716752468119},"Autumn":{"mape":2.00005052051147,"pct_bias":-0.191713325699514},"year":{"mape":1.94112103357571,"pct_bias":0.0436035111484507}},"simple exponential smoothing":{"Winter":{"mape":1.69188060102016,"pct_bias":0.0417334629188627},"Spring":{"mape":1.64716288181474,"pct_bias":0.373726170062651},"Summer":{"mape":1.87984108076419,"pct_bias":-0.0931244507600628},"Autumn":{"mape":1.87668894097026,"pct_bias":-0.168348438968829},"year":{"mape":1.77394870746342,"pct_bias":0.0390493259201963}},"holt":{"Winter":{"mape":1.6926605142661,"pct_bias":0.0515989961956496,"coverage_80":0.806629834254144,"coverage_95":0.972375690607735},"Spring":{"mape":1.64818480014226,"pct_bias":0.376449339723807,"coverage_80":0.869565217391304,"coverage_95":0.978260869565217},"Summer":{"mape":1.8801783758288,"pct_bias":-0.0937115188708559,"coverage_80":0.853260869565218,"coverage_95":0.940217391304348},"Autumn":{"mape":1.87658566502757,"pct_bias":-0.166499842273011,"coverage_80":0.851648351648352,"coverage_95":0.961538461538462},"year":{"mape":1.77445823323646,"pct_bias":0.0424900219626095,"coverage_80":0.845417236662107,"coverage_95":0.963064295485636}},"holt-winters":{"Winter":{"mape":1.59967187258398,"pct_bias":0.0363569802411779,"coverage_80":0.812154696132597,"coverage_95":0.977900552486188},"Spring":{"mape":1.50723774195824,"pct_bias":0.381650018712132,"coverage_80":0.891304347826087,"coverage_95":0.951086956521739},"Summer":{"mape":1.6313998748999,"pct_bias":-0.077730533350757,"coverage_80":0.875,"coverage_95":0.96195652173913},"Autumn":{"mape":1.66002271509027,"pct_bias":-0.151160181443844,"coverage_80":0.857142857142857,"coverage_95":0.934065934065934},"year":{"mape":1.59941732501509,"pct_bias":0.0478668203931143,"coverage_80":0.859097127222982,"coverage_95":0.956224350205198}},"TBATS":{"Winter":{"mape":1.5398383051808,"pct_bias":0.0267515663951634,"coverage_80":0.812154696132597,"coverage_95":0.966850828729282},"Spring":{"mape":1.51120976357532,"pct_bias":0.566526387657686,"coverage_80":0.902173913043478,"coverage_95":0.96195652173913},"Summer":{"mape":1.60888495307019,"pct_bias":-0.109262234446718,"coverage_80":0.885869565217391,"coverage_95":0.96195652173913},"Autumn":{"mape":1.68692423905054,"pct_bias":-0.33018404780642,"coverage_80":0.846153846153846,"coverage_95":0.93956043956044},"year":{"mape":1.58663252066716,"pct_bias":0.0395145567819072,"coverage_80":0.861833105335157,"coverage_95":0.957592339261286}},"TBATS_rf":{"Winter":{"mape":1.5398383051808,"pct_bias":0.0267515663951634,"coverage_80":0.668508287292818,"coverage_95":0.845303867403315},"Spring":{"mape":1.51120976357532,"pct_bias":0.566526387657686,"coverage_80":0.717391304347826,"coverage_95":0.858695652173913},"Summer":{"mape":1.60888495307019,"pct_bias":-0.109262234446718,"coverage_80":0.679347826086956,"coverage_95":0.820652173913044},"Autumn":{"mape":1.68692423905054,"pct_bias":-0.33018404780642,"coverage_80":0.620879120879121,"coverage_95":0.774725274725275},"year":{"mape":"NaN","pct_bias":"NaN","coverage_80":0.671682626538988,"coverage_95":0.824897400820793}},"ETS":{"Winter":{"mape":1.59361456800545,"pct_bias":0.0133623595827996,"coverage_80":0.812154696132597,"coverage_95":0.977900552486188},"Spring":{"mape":1.51155830024569,"pct_bias":0.369622576869604,"coverage_80":0.885869565217391,"coverage_95":0.951086956521739},"Summer":{"mape":1.61715517202969,"pct_bias":-0.0976240986182991,"coverage_80":0.869565217391304,"coverage_95":0.956521739130435},"Autumn":{"mape":1.65054357122352,"pct_bias":-0.170248900686489,"coverage_80":0.862637362637363,"coverage_95":0.928571428571428},"year":{"mape":1.59305943320156,"pct_bias":0.0293857827055892,"coverage_80":0.857729138166895,"coverage_95":0.953488372093023}}}
