{"naive":{"Spring":{"mape":1.5454191152182,"pct_bias":0.24401343485806},"Summer":{"mape":2.00354252791973,"pct_bias":-0.0562759133548366},"Autumn":{"mape":1.9472681169111,"pct_bias":-0.0855344084439791},"Winter":{"mape":1.68812582128777,"pct_bias":0.0125647157869852},"year":{"mape":1.79611834920422,"pct_bias":0.0290706637171453}},"7d naive":{"Spring":{"mape":2.65830300752121,"pct_bias":1.09091870030191},"Summer":{"mape":2.87802926628543,"pct_bias":-0.154346451241698},"Autumn":{"mape":2.73610584227714,"pct_bias":-0.792411597056969},"Winter":{"mape":2.60986850849955,"pct_bias":0.119301216398655},"year":{"mape":2.72098851123568,"pct_bias":0.0679943958014591}},"30d naive":{"Spring":{"mape":5.02894907406369,"pct_bias":4.54730092679259},"Summer":{"mape":4.17794121748451,"pct_bias":-0.773499680050674},"Autumn":{"mape":4.93863273174904,"pct_bias":-2.38019586330444},"Winter":{"mape":3.021852966882,"pct_bias":-0.520020543637096},"year":{"mape":4.29528639921865,"pct_bias":0.228536339098208}},"rollmean":{"Spring":{"mape":1.85653146986307,"pct_bias":0.421422962693021},"Summer":{"mape":2.00780148460234,"pct_bias":-0.115716752468119},"Autumn":{"mape":2.00005052051147,"pct_bias":-0.191713325699514},"Winter":{"mape":1.90007191817192,"pct_bias":0.0580997195881044},"year":{"mape":1.94112103357571,"pct_bias":0.0436035111484507}},"simple exponential smoothing":{"Spring":{"mape":1.64273761535645,"pct_bias":0.369594306665126},"Summer":{"mape":1.88151991221784,"pct_bias":-0.0921591458436407},"Autumn":{"mape":1.87490943940893,"pct_bias":-0.165409755344635},"Winter":{"mape":1.69014588659761,"pct_bias":0.040922798352828},"year":{"mape":1.7723848269771,"pct_bias":0.0387832019429434}},"holt":{"Spring":{"mape":1.64320256127798,"pct_bias":0.371238782786642,"coverage_80":0.869565217391304,"coverage_95":0.978260869565217},"Summer":{"mape":1.88203094361045,"pct_bias":-0.0932972795366479,"coverage_80":0.853260869565218,"coverage_95":0.940217391304348},"Autumn":{"mape":1.87467879214388,"pct_bias":-0.163887320050609,"coverage_80":0.851648351648352,"coverage_95":0.961538461538462},"Winter":{"mape":1.69074519855967,"pct_bias":0.049968822517289,"coverage_80":0.806629834254144,"coverage_95":0.972375690607735},"year":{"mape":1.77272145828859,"pct_bias":0.0415295502386011,"coverage_80":0.845417236662107,"coverage_95":0.963064295485636}},"holt-winters":{"Spring":{"mape":1.51868158614872,"pct_bias":0.371270330280476,"coverage_80":0.885869565217391,"coverage_95":0.951086956521739},"Summer":{"mape":1.6109724224836,"pct_bias":-0.0834308273947716,"coverage_80":0.875,"coverage_95":0.96195652173913},"Autumn":{"mape":1.64067924313414,"pct_bias":-0.145764966710981,"coverage_80":0.862637362637363,"coverage_95":0.928571428571428},"Winter":{"mape":1.60329076037709,"pct_bias":0.0364577189508141,"coverage_80":0.823204419889503,"coverage_95":0.977900552486188},"year":{"mape":1.59323609776609,"pct_bias":0.0451875399721866,"coverage_80":0.861833105335157,"coverage_95":0.954856361149111}},"TBATS":{"Spring":{"mape":1.76463439791805,"pct_bias":0.462371017187939,"coverage_80":0.869565217391304,"coverage_95":0.967391304347826},"Summer":{"mape":2.06381258046026,"pct_bias":-0.0848851769220764,"coverage_80":0.793478260869565,"coverage_95":0.956521739130435},"Autumn":{"mape":2.04142875004482,"pct_bias":-0.300060853860952,"coverage_80":0.807692307692308,"coverage_95":0.961538461538461},"Winter":{"mape":1.78327211581197,"pct_bias":0.0941839740946787,"coverage_80":0.81767955801105,"coverage_95":0.988950276243094},"year":{"mape":1.91346994458513,"pct_bias":0.0436301210907827,"coverage_80":0.822161422708618,"coverage_95":0.968536251709986}},"TBATS_rf":{"Spring":{"mape":1.76463439791805,"pct_bias":0.462371017187939,"coverage_80":0.815217391304348,"coverage_95":0.929347826086957},"Summer":{"mape":2.06381258046026,"pct_bias":-0.0848851769220764,"coverage_80":0.597826086956522,"coverage_95":0.804347826086956},"Autumn":{"mape":2.04142875004482,"pct_bias":-0.300060853860952,"coverage_80":0.467032967032967,"coverage_95":0.648351648351648},"Winter":{"mape":1.78327211581197,"pct_bias":0.0941839740946787,"coverage_80":0.613259668508287,"coverage_95":0.834254143646409},"year":{"mape":"NaN","pct_bias":"NaN","coverage_80":0.623803009575924,"coverage_95":0.80437756497948}},"ETS":{"Spring":{"mape":1.51383167259488,"pct_bias":0.358725042481718,"coverage_80":0.880434782608696,"coverage_95":0.951086956521739},"Summer":{"mape":1.61113186520998,"pct_bias":-0.0992294288993172,"coverage_80":0.880434782608696,"coverage_95":0.96195652173913},"Autumn":{"mape":1.64952034773064,"pct_bias":-0.163127032584914,"coverage_80":0.868131868131868,"coverage_95":0.934065934065934},"Winter":{"mape":1.60436658873724,"pct_bias":0.0131489152638733,"coverage_80":0.81767955801105,"coverage_95":0.972375690607735},"year":{"mape":1.5945230462442,"pct_bias":0.0279589967598746,"coverage_80":0.861833105335157,"coverage_95":0.954856361149111}},"ar":{"Spring":{"mape":5.53711967476225,"pct_bias":5.53613299431144,"coverage_80":0.168478260869565,"coverage_95":0.407608695652174},"Summer":{"mape":4.08320251279884,"pct_bias":3.93479302677698,"coverage_80":0.46195652173913,"coverage_95":0.673913043478261},"Autumn":{"mape":4.77826709802577,"pct_bias":4.58739175557423,"coverage_80":0.28021978021978,"coverage_95":0.483516483516483},"Winter":{"mape":2.58396883540958,"pct_bias":2.36896862126956,"coverage_80":0.569060773480663,"coverage_95":0.795580110497238},"year":{"mape":4.25100171485782,"pct_bias":4.11263886162048,"coverage_80":0.369357045143639,"coverage_95":0.589603283173735}},"lm":{"Spring":{"mape":4.69521202777103,"pct_bias":4.68266200515933,"coverage_80":0.472826086956522,"coverage_95":0.78804347826087},"Summer":{"mape":3.17597582440167,"pct_bias":2.60321217497398,"coverage_80":0.739130434782609,"coverage_95":0.907608695652174},"Autumn":{"mape":3.75835390223458,"pct_bias":3.34462238234919,"coverage_80":0.626373626373626,"coverage_95":0.868131868131868},"Winter":{"mape":2.20802137613964,"pct_bias":1.80135621789196,"coverage_80":0.801104972375691,"coverage_95":0.972375690607735},"year":{"mape":3.4637084050448,"pct_bias":3.1126779728735,"coverage_80":0.6593707250342,"coverage_95":0.883720930232558}},"arx":{"Spring":{"mape":2.26148308209676,"pct_bias":1.75884551905837,"coverage_80":0.728260869565217,"coverage_95":0.875},"Summer":{"mape":2.25952879763416,"pct_bias":0.839729083491004,"coverage_80":0.755434782608696,"coverage_95":0.902173913043478},"Autumn":{"mape":2.30944672099247,"pct_bias":1.08593845566927,"coverage_80":0.725274725274725,"coverage_95":0.917582417582418},"Winter":{"mape":1.91109767446286,"pct_bias":0.680080644091022,"coverage_80":0.740331491712707,"coverage_95":0.955801104972376},"year":{"mape":2.18617533265239,"pct_bias":1.0928496886202,"coverage_80":0.73734610123119,"coverage_95":0.912448700410397}},"arima1_1_2":{"Spring":{"mape":5.46288381268555,"pct_bias":5.46089693650454,"coverage_80":0.184782608695652,"coverage_95":0.429347826086956},"Summer":{"mape":4.2930390596853,"pct_bias":4.12676872845129,"coverage_80":0.380434782608696,"coverage_95":0.625},"Autumn":{"mape":4.90636179784939,"pct_bias":4.73096614952243,"coverage_80":0.269230769230769,"coverage_95":0.461538461538461},"Winter":{"mape":2.59589918588094,"pct_bias":2.39497922484742,"coverage_80":0.546961325966851,"coverage_95":0.784530386740331},"year":{"mape":4.31998003880886,"pct_bias":4.18421007012632,"coverage_80":0.344733242134063,"coverage_95":0.574555403556771}},"arima2_0_2":{"Spring":{"mape":6.1864248809504,"pct_bias":6.1864248809504,"coverage_80":0.141304347826087,"coverage_95":0.358695652173913},"Summer":{"mape":5.39433634875961,"pct_bias":5.37740237449034,"coverage_80":0.222826086956522,"coverage_95":0.451086956521739},"Autumn":{"mape":5.71276777077384,"pct_bias":5.59922482466986,"coverage_80":0.208791208791209,"coverage_95":0.335164835164835},"Winter":{"mape":2.40501995067841,"pct_bias":2.1478384494323,"coverage_80":0.596685082872928,"coverage_95":0.81767955801105},"year":{"mape":4.93282135652568,